antecedents,consequents,antecedent support,consequent support,support,confidence,lift,representativity,leverage,conviction,zhangs_metric,jaccard,certainty,kulczynski
frozenset({'beer'}),frozenset({'tomatoes'}),0.4,0.3,0.2,0.5,1.6666666666666667,1.0,0.08000000000000002,1.4,0.6666666666666669,0.4000000000000001,0.28571428571428575,0.5833333333333334
frozenset({'tomatoes'}),frozenset({'beer'}),0.3,0.4,0.2,0.6666666666666667,1.6666666666666667,1.0,0.08000000000000002,1.8000000000000003,0.5714285714285716,0.4000000000000001,0.44444444444444453,0.5833333333333334
frozenset({'eggs'}),frozenset({'chicken'}),0.26666666666666666,0.4666666666666667,0.2,0.75,1.6071428571428572,1.0,0.07555555555555557,2.1333333333333333,0.5151515151515151,0.37499999999999994,0.53125,0.5892857142857143
frozenset({'butter'}),frozenset({'chicken'}),0.3333333333333333,0.4666666666666667,0.2,0.6000000000000001,1.2857142857142858,1.0,0.04444444444444445,1.3333333333333337,0.3333333333333333,0.3333333333333333,0.25000000000000017,0.5142857142857143
frozenset({'beer'}),frozenset({'diapers'}),0.4,0.43333333333333335,0.2,0.5,1.1538461538461537,1.0,0.026666666666666672,1.1333333333333333,0.22222222222222227,0.31578947368421056,0.11764705882352938,0.4807692307692308
